codigo;nombre;frecuencia;bloque;uso_analitico;tratamiento
PN01728AM;PBI, variación interanual mensual;Mensual;Actividad económica y demanda interna;Mide el pulso del ciclo económico y ayuda a contrastar producción, demanda interna y sectores líderes.;nivel
PN01731AM;PBI desestacionalizado, variación mensual;Mensual;Actividad económica y demanda interna;Mide el pulso del ciclo económico y ayuda a contrastar producción, demanda interna y sectores líderes.;nivel
PN38082AM;PBI desestacionalizado, promedio móvil 3 meses;Mensual;Actividad económica y demanda interna;Mide el pulso del ciclo económico y ayuda a contrastar producción, demanda interna y sectores líderes.;nivel
PN01732AM;Demanda interna;Mensual;Actividad económica y demanda interna;Mide el pulso del ciclo económico y ayuda a contrastar producción, demanda interna y sectores líderes.;nivel
PN14204AM;Demanda interna sin inventarios;Mensual;Actividad económica y demanda interna;Mide el pulso del ciclo económico y ayuda a contrastar producción, demanda interna y sectores líderes.;nivel
PN01729AM;Sectores primarios;Mensual;Actividad económica y demanda interna;Mide el pulso del ciclo económico y ayuda a contrastar producción, demanda interna y sectores líderes.;nivel
PN01730AM;Sectores no primarios;Mensual;Actividad económica y demanda interna;Mide el pulso del ciclo económico y ayuda a contrastar producción, demanda interna y sectores líderes.;nivel
PN01713AM;Agropecuario;Mensual;Actividad económica y demanda interna;Mide el pulso del ciclo económico y ayuda a contrastar producción, demanda interna y sectores líderes.;nivel
PN01714AM;Agropecuario agrícola;Mensual;Actividad económica y demanda interna;Mide el pulso del ciclo económico y ayuda a contrastar producción, demanda interna y sectores líderes.;nivel
PN01715AM;Agropecuario pecuario;Mensual;Actividad económica y demanda interna;Mide el pulso del ciclo económico y ayuda a contrastar producción, demanda interna y sectores líderes.;nivel
PN01716AM;Pesca;Mensual;Actividad económica y demanda interna;Mide el pulso del ciclo económico y ayuda a contrastar producción, demanda interna y sectores líderes.;nivel
PN01717AM;Minería e hidrocarburos;Mensual;Actividad económica y demanda interna;Mide el pulso del ciclo económico y ayuda a contrastar producción, demanda interna y sectores líderes.;nivel
PN01718AM;Minería metálica;Mensual;Actividad económica y demanda interna;Mide el pulso del ciclo económico y ayuda a contrastar producción, demanda interna y sectores líderes.;nivel
PN01719AM;Hidrocarburos;Mensual;Actividad económica y demanda interna;Mide el pulso del ciclo económico y ayuda a contrastar producción, demanda interna y sectores líderes.;nivel
PN01720AM;Manufactura;Mensual;Actividad económica y demanda interna;Mide el pulso del ciclo económico y ayuda a contrastar producción, demanda interna y sectores líderes.;nivel
PN01721AM;Manufactura primaria;Mensual;Actividad económica y demanda interna;Mide el pulso del ciclo económico y ayuda a contrastar producción, demanda interna y sectores líderes.;nivel
PN01722AM;Manufactura no primaria;Mensual;Actividad económica y demanda interna;Mide el pulso del ciclo económico y ayuda a contrastar producción, demanda interna y sectores líderes.;nivel
PN01723AM;Electricidad y agua;Mensual;Actividad económica y demanda interna;Mide el pulso del ciclo económico y ayuda a contrastar producción, demanda interna y sectores líderes.;nivel
PN01724AM;Construcción;Mensual;Actividad económica y demanda interna;Mide el pulso del ciclo económico y ayuda a contrastar producción, demanda interna y sectores líderes.;nivel
PN01725AM;Comercio;Mensual;Actividad económica y demanda interna;Mide el pulso del ciclo económico y ayuda a contrastar producción, demanda interna y sectores líderes.;nivel
PN01726AM;Otros servicios;Mensual;Actividad económica y demanda interna;Mide el pulso del ciclo económico y ayuda a contrastar producción, demanda interna y sectores líderes.;nivel
PN01727AM;Derechos de importación y otros impuestos;Mensual;Actividad económica y demanda interna;Mide el pulso del ciclo económico y ayuda a contrastar producción, demanda interna y sectores líderes.;nivel
PN02517AQ;Demanda interna real;Trimestral;Actividad económica y demanda interna;Mide el pulso del ciclo económico y ayuda a contrastar producción, demanda interna y sectores líderes.;auto
PN02518AQ;Consumo privado real;Trimestral;Actividad económica y demanda interna;Mide el pulso del ciclo económico y ayuda a contrastar producción, demanda interna y sectores líderes.;auto
PN02519AQ;Consumo público real;Trimestral;Actividad económica y demanda interna;Mide el pulso del ciclo económico y ayuda a contrastar producción, demanda interna y sectores líderes.;auto
PN02521AQ;Inversión bruta fija real;Trimestral;Actividad económica y demanda interna;Mide el pulso del ciclo económico y ayuda a contrastar producción, demanda interna y sectores líderes.;auto
PN02522AQ;Inversión bruta fija privada real;Trimestral;Actividad económica y demanda interna;Mide el pulso del ciclo económico y ayuda a contrastar producción, demanda interna y sectores líderes.;auto
PN02523AQ;Inversión bruta fija pública real;Trimestral;Actividad económica y demanda interna;Mide el pulso del ciclo económico y ayuda a contrastar producción, demanda interna y sectores líderes.;auto
PN02524AQ;Exportaciones reales;Trimestral;Actividad económica y demanda interna;Mide el pulso del ciclo económico y ayuda a contrastar producción, demanda interna y sectores líderes.;var_interanual
PN02525AQ;Importaciones reales;Trimestral;Actividad económica y demanda interna;Mide el pulso del ciclo económico y ayuda a contrastar producción, demanda interna y sectores líderes.;var_interanual
PN01271PM;IPC;Mensual;Precios e inflación;Monitorea presiones inflacionarias, persistencia de precios y riesgos para la política monetaria.;nivel
PN01273PM;IPC;Mensual;Precios e inflación;Monitorea presiones inflacionarias, persistencia de precios y riesgos para la política monetaria.;nivel
PN01276PM;IPC Sin Alimentos y Energía;Mensual;Precios e inflación;Monitorea presiones inflacionarias, persistencia de precios y riesgos para la política monetaria.;nivel
PN01277PM;IPC Sin Alimentos y Energía;Mensual;Precios e inflación;Monitorea presiones inflacionarias, persistencia de precios y riesgos para la política monetaria.;nivel
PN01278PM;IPC Subyacente;Mensual;Precios e inflación;Monitorea presiones inflacionarias, persistencia de precios y riesgos para la política monetaria.;nivel
PN01279PM;IPC Subyacente;Mensual;Precios e inflación;Monitorea presiones inflacionarias, persistencia de precios y riesgos para la política monetaria.;nivel
PN01280PM;IPC Transables;Mensual;Precios e inflación;Monitorea presiones inflacionarias, persistencia de precios y riesgos para la política monetaria.;nivel
PN01281PM;IPC Transables;Mensual;Precios e inflación;Monitorea presiones inflacionarias, persistencia de precios y riesgos para la política monetaria.;nivel
PN01282PM;IPC No Transables;Mensual;Precios e inflación;Monitorea presiones inflacionarias, persistencia de precios y riesgos para la política monetaria.;nivel
PN01283PM;IPC No Transables;Mensual;Precios e inflación;Monitorea presiones inflacionarias, persistencia de precios y riesgos para la política monetaria.;nivel
PN01286PM;Índice de Precios al por Mayor;Mensual;Precios e inflación;Monitorea presiones inflacionarias, persistencia de precios y riesgos para la política monetaria.;nivel
PN01287PM;Índice de Precios al por Mayor;Mensual;Precios e inflación;Monitorea presiones inflacionarias, persistencia de precios y riesgos para la política monetaria.;nivel
PN01308PM;Inflación No Subyacente - Alimentos;Mensual;Precios e inflación;Monitorea presiones inflacionarias, persistencia de precios y riesgos para la política monetaria.;nivel
PN01309PM;Inflación No Subyacente - Combustibles;Mensual;Precios e inflación;Monitorea presiones inflacionarias, persistencia de precios y riesgos para la política monetaria.;nivel
PN01311PM;Inflación No Subyacente - Servicios Públicos;Mensual;Precios e inflación;Monitorea presiones inflacionarias, persistencia de precios y riesgos para la política monetaria.;nivel
PN01207PM;Interbancario - Promedio;Mensual;Tipo de cambio, TCR y commodities;Sigue presiones cambiarias, pass-through inflacionario, competitividad y exposición financiera en moneda extranjera.;auto
PN01216PM;Interbancario - Promedio;Mensual;Tipo de cambio, TCR y commodities;Sigue presiones cambiarias, pass-through inflacionario, competitividad y exposición financiera en moneda extranjera.;auto
PD04645PD;TC Cierre Compra - 01:30 PM (S/ por US$);Diaria;Tipo de cambio, TCR y commodities;Sigue presiones cambiarias, pass-through inflacionario, competitividad y exposición financiera en moneda extranjera.;retorno_log
PD04646PD;TC Cierre Venta - 01:30 PM (S/ por US$);Diaria;Tipo de cambio, TCR y commodities;Sigue presiones cambiarias, pass-through inflacionario, competitividad y exposición financiera en moneda extranjera.;retorno_log
PN01248PM;Promedio del Sistema Bancario - var% 12 meses;Mensual;Tipo de cambio, TCR y commodities;Sigue presiones cambiarias, pass-through inflacionario, competitividad y exposición financiera en moneda extranjera.;nivel
PN01251PM;Bilateral;Mensual;Tipo de cambio, TCR y commodities;Sigue presiones cambiarias, pass-through inflacionario, competitividad y exposición financiera en moneda extranjera.;var_interanual
PN01253PM;Bilateral;Mensual;Tipo de cambio, TCR y commodities;Sigue presiones cambiarias, pass-through inflacionario, competitividad y exposición financiera en moneda extranjera.;nivel
PN01259PM;Multilateral;Mensual;Tipo de cambio, TCR y commodities;Sigue presiones cambiarias, pass-through inflacionario, competitividad y exposición financiera en moneda extranjera.;var_interanual
PN01261PM;Multilateral;Mensual;Tipo de cambio, TCR y commodities;Sigue presiones cambiarias, pass-through inflacionario, competitividad y exposición financiera en moneda extranjera.;nivel
PN01263PM;Brasil;Mensual;Tipo de cambio, TCR y commodities;Sigue presiones cambiarias, pass-through inflacionario, competitividad y exposición financiera en moneda extranjera.;var_interanual
PN01264PM;Chile;Mensual;Tipo de cambio, TCR y commodities;Sigue presiones cambiarias, pass-through inflacionario, competitividad y exposición financiera en moneda extranjera.;var_interanual
PN01265PM;Colombia;Mensual;Tipo de cambio, TCR y commodities;Sigue presiones cambiarias, pass-through inflacionario, competitividad y exposición financiera en moneda extranjera.;var_interanual
PN01652XM;Cobre - LME (¢US$ por libras);Mensual;Tipo de cambio, TCR y commodities;Sigue presiones cambiarias, pass-through inflacionario, competitividad y exposición financiera en moneda extranjera.;auto
PN01654XM;Oro - LME (US$ por onzas troy);Mensual;Tipo de cambio, TCR y commodities;Sigue presiones cambiarias, pass-through inflacionario, competitividad y exposición financiera en moneda extranjera.;auto
PN01657XM;Zinc - LME (¢US$ por libras);Mensual;Tipo de cambio, TCR y commodities;Sigue presiones cambiarias, pass-through inflacionario, competitividad y exposición financiera en moneda extranjera.;auto
PN01660XM;Petróleo - WTI (US$ por barriles);Mensual;Tipo de cambio, TCR y commodities;Sigue presiones cambiarias, pass-through inflacionario, competitividad y exposición financiera en moneda extranjera.;auto
PN01661XM;Trigo - EEUU (US$ por toneladas);Mensual;Tipo de cambio, TCR y commodities;Sigue presiones cambiarias, pass-through inflacionario, competitividad y exposición financiera en moneda extranjera.;auto
PN01662XM;Maíz - EEUU (US$ por toneladas);Mensual;Tipo de cambio, TCR y commodities;Sigue presiones cambiarias, pass-through inflacionario, competitividad y exposición financiera en moneda extranjera.;auto
PN38923BM;Términos de Intercambio;Mensual;Tipo de cambio, TCR y commodities;Sigue presiones cambiarias, pass-through inflacionario, competitividad y exposición financiera en moneda extranjera.;var_interanual
PN38926BM;Términos de Intercambio;Mensual;Tipo de cambio, TCR y commodities;Sigue presiones cambiarias, pass-through inflacionario, competitividad y exposición financiera en moneda extranjera.;nivel
PN38714BM;Exportaciones;Mensual;Sector externo y balanza de pagos;Evalúa generación de divisas, vulnerabilidad externa, tracción exportadora y presión importadora de la demanda interna.;nivel
PN38715BM;Exportaciones - Productos Tradicionales;Mensual;Sector externo y balanza de pagos;Evalúa generación de divisas, vulnerabilidad externa, tracción exportadora y presión importadora de la demanda interna.;nivel
PN38716BM;Exportaciones - Productos no Tradicionales;Mensual;Sector externo y balanza de pagos;Evalúa generación de divisas, vulnerabilidad externa, tracción exportadora y presión importadora de la demanda interna.;nivel
PN38718BM;Importaciones;Mensual;Sector externo y balanza de pagos;Evalúa generación de divisas, vulnerabilidad externa, tracción exportadora y presión importadora de la demanda interna.;nivel
PN38719BM;Importaciones - Bienes de Consumo;Mensual;Sector externo y balanza de pagos;Evalúa generación de divisas, vulnerabilidad externa, tracción exportadora y presión importadora de la demanda interna.;nivel
PN38720BM;Importaciones - Insumos;Mensual;Sector externo y balanza de pagos;Evalúa generación de divisas, vulnerabilidad externa, tracción exportadora y presión importadora de la demanda interna.;nivel
PN38721BM;Importaciones - Bienes de Capital;Mensual;Sector externo y balanza de pagos;Evalúa generación de divisas, vulnerabilidad externa, tracción exportadora y presión importadora de la demanda interna.;nivel
PN38723BM;Balanza Comercial;Mensual;Sector externo y balanza de pagos;Evalúa generación de divisas, vulnerabilidad externa, tracción exportadora y presión importadora de la demanda interna.;nivel
PN38738BM;Productos Tradicionales;Mensual;Sector externo y balanza de pagos;Evalúa generación de divisas, vulnerabilidad externa, tracción exportadora y presión importadora de la demanda interna.;var_interanual
PN38741BM;Productos Tradicionales - Mineros;Mensual;Sector externo y balanza de pagos;Evalúa generación de divisas, vulnerabilidad externa, tracción exportadora y presión importadora de la demanda interna.;var_interanual
PN38742BM;Productos Tradicionales - Petróleo y Gas Natural;Mensual;Sector externo y balanza de pagos;Captura choques externos de precios relevantes para exportaciones, costos importados, términos de intercambio e inflación.;var_interanual
PN38743BM;Productos no Tradicionales;Mensual;Sector externo y balanza de pagos;Evalúa generación de divisas, vulnerabilidad externa, tracción exportadora y presión importadora de la demanda interna.;var_interanual
PN38744BM;Productos no Tradicionales - Agropecuarios;Mensual;Sector externo y balanza de pagos;Evalúa generación de divisas, vulnerabilidad externa, tracción exportadora y presión importadora de la demanda interna.;var_interanual
PN38746BM;Productos no Tradicionales - Textiles;Mensual;Sector externo y balanza de pagos;Evalúa generación de divisas, vulnerabilidad externa, tracción exportadora y presión importadora de la demanda interna.;var_interanual
PN38748BM;Productos no Tradicionales - Químicos;Mensual;Sector externo y balanza de pagos;Evalúa generación de divisas, vulnerabilidad externa, tracción exportadora y presión importadora de la demanda interna.;var_interanual
PN38751BM;Productos no Tradicionales - Metal - Mecánicos;Mensual;Sector externo y balanza de pagos;Evalúa generación de divisas, vulnerabilidad externa, tracción exportadora y presión importadora de la demanda interna.;var_interanual
PN38782BM;Mineros - Cobre;Mensual;Sector externo y balanza de pagos;Captura choques externos de precios relevantes para exportaciones, costos importados, términos de intercambio e inflación.;var_interanual
PN38791BM;Mineros - Oro;Mensual;Sector externo y balanza de pagos;Captura choques externos de precios relevantes para exportaciones, costos importados, términos de intercambio e inflación.;var_interanual
PN38800BM;Mineros - Zinc;Mensual;Sector externo y balanza de pagos;Captura choques externos de precios relevantes para exportaciones, costos importados, términos de intercambio e inflación.;var_interanual
PN38807BM;Petróleo y Gas Natural;Mensual;Sector externo y balanza de pagos;Captura choques externos de precios relevantes para exportaciones, costos importados, términos de intercambio e inflación.;var_interanual
PN38830BM;Agropecuarios;Mensual;Sector externo y balanza de pagos;Evalúa generación de divisas, vulnerabilidad externa, tracción exportadora y presión importadora de la demanda interna.;var_interanual
PN38843BM;Textiles;Mensual;Sector externo y balanza de pagos;Evalúa generación de divisas, vulnerabilidad externa, tracción exportadora y presión importadora de la demanda interna.;var_interanual
PN38855BM;Químicos;Mensual;Sector externo y balanza de pagos;Evalúa generación de divisas, vulnerabilidad externa, tracción exportadora y presión importadora de la demanda interna.;var_interanual
PN38868BM;Sidero-Metalúrgico y Joyería;Mensual;Sector externo y balanza de pagos;Evalúa generación de divisas, vulnerabilidad externa, tracción exportadora y presión importadora de la demanda interna.;var_interanual
PN38878BM;Metal-Mecánicos;Mensual;Sector externo y balanza de pagos;Evalúa generación de divisas, vulnerabilidad externa, tracción exportadora y presión importadora de la demanda interna.;var_interanual
PN38891BM;Bienes de Consumo;Mensual;Sector externo y balanza de pagos;Evalúa generación de divisas, vulnerabilidad externa, tracción exportadora y presión importadora de la demanda interna.;var_interanual
PN38894BM;Insumos;Mensual;Sector externo y balanza de pagos;Evalúa generación de divisas, vulnerabilidad externa, tracción exportadora y presión importadora de la demanda interna.;var_interanual
PN38898BM;Bienes de Capital;Mensual;Sector externo y balanza de pagos;Evalúa generación de divisas, vulnerabilidad externa, tracción exportadora y presión importadora de la demanda interna.;var_interanual
PN38975BQ;Balanza en Cuenta Corriente;Trimestral;Sector externo y balanza de pagos;Evalúa generación de divisas, vulnerabilidad externa, tracción exportadora y presión importadora de la demanda interna.;nivel
PN38979BQ;Balanza en Cuenta Corriente - Servicios;Trimestral;Sector externo y balanza de pagos;Evalúa generación de divisas, vulnerabilidad externa, tracción exportadora y presión importadora de la demanda interna.;nivel
PN38982BQ;Balanza en Cuenta Corriente - Ingreso Primario;Trimestral;Sector externo y balanza de pagos;Evalúa generación de divisas, vulnerabilidad externa, tracción exportadora y presión importadora de la demanda interna.;nivel
PN38987BQ;Cuenta Financiera;Trimestral;Sector externo y balanza de pagos;Evalúa generación de divisas, vulnerabilidad externa, tracción exportadora y presión importadora de la demanda interna.;nivel
PN38999BQ;Resultado de Balanza de Pagos;Trimestral;Sector externo y balanza de pagos;Evalúa generación de divisas, vulnerabilidad externa, tracción exportadora y presión importadora de la demanda interna.;nivel
PN39000BQ;Resultado de Balanza de Pagos - Variación del Saldo de RIN;Trimestral;Sector externo y balanza de pagos;Permite vigilar liquidez, intervención cambiaria, posición externa del BCRP y señales de presión monetaria diaria.;nivel
PN38985BQ;Balanza en Cuenta Corriente - Ingreso Secundario;Trimestral;Sector externo y balanza de pagos;Evalúa generación de divisas, vulnerabilidad externa, tracción exportadora y presión importadora de la demanda interna.;nivel
PN02204FM;Ingresos Corrientes del Gobierno General;Mensual;Sector público y deuda;Monitorea impulso fiscal, sostenibilidad de deuda, inversión pública y margen de maniobra del sector público.;var_interanual
PN02205FM;Ingresos Corrientes del Gobierno General - Ingresos Tributarios;Mensual;Sector público y deuda;Monitorea impulso fiscal, sostenibilidad de deuda, inversión pública y margen de maniobra del sector público.;var_interanual
PN02206FM;Ingresos Corrientes del Gobierno General - Ingresos No Tributarios;Mensual;Sector público y deuda;Monitorea impulso fiscal, sostenibilidad de deuda, inversión pública y margen de maniobra del sector público.;var_interanual
PN02207FM;Gasto No Financiero del Gobierno General;Mensual;Sector público y deuda;Monitorea impulso fiscal, sostenibilidad de deuda, inversión pública y margen de maniobra del sector público.;var_interanual
PN02208FM;Gasto No Financiero del Gobierno General - Corriente;Mensual;Sector público y deuda;Monitorea impulso fiscal, sostenibilidad de deuda, inversión pública y margen de maniobra del sector público.;var_interanual
PN02209FM;Gasto No Financiero del Gobierno General - Capital;Mensual;Sector público y deuda;Monitorea impulso fiscal, sostenibilidad de deuda, inversión pública y margen de maniobra del sector público.;var_interanual
PN02210FM;Gasto No Financiero del Gobierno General - Capital - Formación Bruta de Capital;Mensual;Sector público y deuda;Monitorea impulso fiscal, sostenibilidad de deuda, inversión pública y margen de maniobra del sector público.;var_interanual
PN02211FM;Gasto No Financiero del Gobierno General - Capital - Formación Bruta de Capital - Gobierno Nacional;Mensual;Sector público y deuda;Monitorea impulso fiscal, sostenibilidad de deuda, inversión pública y margen de maniobra del sector público.;var_interanual
PN02212FM;Gasto No Financiero del Gobierno General - Capital - Formación Bruta de Capital - Gobiernos Regionales;Mensual;Sector público y deuda;Monitorea impulso fiscal, sostenibilidad de deuda, inversión pública y margen de maniobra del sector público.;var_interanual
PN02213FM;Gasto No Financiero del Gobierno General - Capital - Formación Bruta de Capital - Gobiernos Locales;Mensual;Sector público y deuda;Monitorea impulso fiscal, sostenibilidad de deuda, inversión pública y margen de maniobra del sector público.;var_interanual
PN02216FM;Resultado Primario;Mensual;Sector público y deuda;Monitorea impulso fiscal, sostenibilidad de deuda, inversión pública y margen de maniobra del sector público.;nivel
PN02217FM;Intereses;Mensual;Sector público y deuda;Monitorea impulso fiscal, sostenibilidad de deuda, inversión pública y margen de maniobra del sector público.;nivel
PN02218FM;Resultado Económico;Mensual;Sector público y deuda;Monitorea impulso fiscal, sostenibilidad de deuda, inversión pública y margen de maniobra del sector público.;nivel
PN02238FM;Resultado Económico;Mensual;Sector público y deuda;Monitorea impulso fiscal, sostenibilidad de deuda, inversión pública y margen de maniobra del sector público.;nivel
PN02247FM;Gastos Corrientes Totales;Mensual;Sector público y deuda;Monitorea impulso fiscal, sostenibilidad de deuda, inversión pública y margen de maniobra del sector público.;var_interanual
PN03371FQ;Deuda Pública;Trimestral;Sector público y deuda;Monitorea impulso fiscal, sostenibilidad de deuda, inversión pública y margen de maniobra del sector público.;var_interanual
PN03372FQ;Deuda Pública Externa;Trimestral;Sector público y deuda;Monitorea impulso fiscal, sostenibilidad de deuda, inversión pública y margen de maniobra del sector público.;var_interanual
PN03381FQ;Deuda Pública Interna;Trimestral;Sector público y deuda;Monitorea impulso fiscal, sostenibilidad de deuda, inversión pública y margen de maniobra del sector público.;var_interanual
PN03432FQ;Deuda Pública;Trimestral;Sector público y deuda;Monitorea impulso fiscal, sostenibilidad de deuda, inversión pública y margen de maniobra del sector público.;nivel
PN03481FQ;Deuda Neta del Sector Público no Financiero;Trimestral;Sector público y deuda;Monitorea impulso fiscal, sostenibilidad de deuda, inversión pública y margen de maniobra del sector público.;nivel
PN00012MM;Activos Internos Netos - Crédito al Sector Privado (millones S/);Mensual;Monetario, crédito y sistema financiero;Sigue condiciones crediticias, liquidez, dolarización y fragilidad del sistema financiero.;var_interanual
PN00013MM;Activos Internos Netos - Crédito al Sector Privado - MN (millones S/);Mensual;Monetario, crédito y sistema financiero;Sigue condiciones crediticias, liquidez, dolarización y fragilidad del sistema financiero.;var_interanual
PN00014MM;Activos Internos Netos - Crédito al Sector Privado - ME (millones S/);Mensual;Monetario, crédito y sistema financiero;Sigue condiciones crediticias, liquidez, dolarización y fragilidad del sistema financiero.;var_interanual
PN00025MM;Coeficiente de Dolarización de la Liquidez (%);Mensual;Monetario, crédito y sistema financiero;Sigue condiciones crediticias, liquidez, dolarización y fragilidad del sistema financiero.;nivel
PN00178MM;Circulante (millones S/);Mensual;Monetario, crédito y sistema financiero;Sigue condiciones crediticias, liquidez, dolarización y fragilidad del sistema financiero.;var_interanual
PN00181MM;Dinero (millones S/);Mensual;Monetario, crédito y sistema financiero;Sigue condiciones crediticias, liquidez, dolarización y fragilidad del sistema financiero.;var_interanual
PN00187MM;Liquidez en Soles (millones S/);Mensual;Monetario, crédito y sistema financiero;Sigue condiciones crediticias, liquidez, dolarización y fragilidad del sistema financiero.;var_interanual
PN00190MM;Liquidez en Dólares (millones US$);Mensual;Monetario, crédito y sistema financiero;Sigue condiciones crediticias, liquidez, dolarización y fragilidad del sistema financiero.;var_interanual
PN00193MM;Liquidez Total a Tipo de Cambio Corriente (millones S/);Mensual;Monetario, crédito y sistema financiero;Sigue condiciones crediticias, liquidez, dolarización y fragilidad del sistema financiero.;var_interanual
PN00195MM;Liquidez Total - a Tipo de Cambio Corriente;Mensual;Monetario, crédito y sistema financiero;Sigue condiciones crediticias, liquidez, dolarización y fragilidad del sistema financiero.;nivel
PD04722MM;Tasa de Referencia de la Política Monetaria;Mensual;Monetario, crédito y sistema financiero;Mide la postura de política monetaria y su transmisión hacia tasas de mercado.;nivel
PD04692MD;Tasa interbancaria en soles diaria;Diaria;Monetario, crédito y sistema financiero;Sigue el canal monetario diario, liquidez bancaria, costo de fondeo y transmisión de la tasa de política.;nivel
PD04693MD;Tasa interbancaria en dólares diaria;Diaria;Monetario, crédito y sistema financiero;Sigue el canal monetario diario, liquidez bancaria, costo de fondeo y transmisión de la tasa de política.;nivel
PN00493MM;Tasa de Encaje;Mensual;Monetario, crédito y sistema financiero;Sigue condiciones crediticias, liquidez, dolarización y fragilidad del sistema financiero.;nivel
PN06502OM;CD BCRP - Total - Saldo;Mensual;Monetario, crédito y sistema financiero;Sigue condiciones crediticias, liquidez, dolarización y fragilidad del sistema financiero.;var_interanual
RD13715DM;Total (total);Mensual;Monetario, crédito y sistema financiero;Sigue condiciones crediticias, liquidez, dolarización y fragilidad del sistema financiero.;var_interanual
RD14948DQ;Total (total);Trimestral;Monetario, crédito y sistema financiero;Sigue condiciones crediticias, liquidez, dolarización y fragilidad del sistema financiero.;var_interanual
PN07728EM;Colocaciones - Tasa mensual de crecimiento (%) - Empresas Bancarias;Mensual;Monetario, crédito y sistema financiero;Sigue condiciones crediticias, liquidez, dolarización y fragilidad del sistema financiero.;nivel
PN07746EM;Cartera atrasada neta / Colocaciones netas (%) - Empresas Bancarias;Mensual;Monetario, crédito y sistema financiero;Sigue condiciones crediticias, liquidez, dolarización y fragilidad del sistema financiero.;nivel
PN07800EM;Palanca global - Empresas Bancarias;Mensual;Monetario, crédito y sistema financiero;Sigue condiciones crediticias, liquidez, dolarización y fragilidad del sistema financiero.;nivel
PD12912AM;Expectativa de Inflación a 12 meses;Mensual;Expectativas y mercado laboral;Anticipa decisiones empresariales y hogares mediante expectativas de inflación, actividad, tipo de cambio y demanda.;nivel
PD38048AM;Expectativa de PBI a 12 meses;Mensual;Expectativas y mercado laboral;Mide el pulso del ciclo económico y ayuda a contrastar producción, demanda interna y sectores líderes.;nivel
PD38049AM;Expectativa de TC a 12 meses;Mensual;Expectativas y mercado laboral;Sigue presiones cambiarias, pass-through inflacionario, competitividad y exposición financiera en moneda extranjera.;nivel
PD37981AM;Índice de expectativas de la economía a 12 meses;Mensual;Expectativas y mercado laboral;Anticipa decisiones empresariales y hogares mediante expectativas de inflación, actividad, tipo de cambio y demanda.;nivel
PD38045AM;Índice de expectativas de la economía a 3 meses;Mensual;Expectativas y mercado laboral;Anticipa decisiones empresariales y hogares mediante expectativas de inflación, actividad, tipo de cambio y demanda.;nivel
PD38047AM;Índice de expectativas de la demanda a 3 meses;Mensual;Expectativas y mercado laboral;Anticipa decisiones empresariales y hogares mediante expectativas de inflación, actividad, tipo de cambio y demanda.;nivel
PD39751AM;Índice de expectativas de demanda por sus productos a 12 meses;Mensual;Expectativas y mercado laboral;Anticipa decisiones empresariales y hogares mediante expectativas de inflación, actividad, tipo de cambio y demanda.;nivel
PN31880GM;Puestos de trabajo del sector formal total (var.% 12 meses);Mensual;Expectativas y mercado laboral;Anticipa decisiones empresariales y hogares mediante expectativas de inflación, actividad, tipo de cambio y demanda.;nivel
PN31882GM;Puestos de trabajo en el sector formal privado (var.% 12 meses);Mensual;Expectativas y mercado laboral;Anticipa decisiones empresariales y hogares mediante expectativas de inflación, actividad, tipo de cambio y demanda.;nivel
PN38063GM;Tasa de Desempleo (%);Mensual;Expectativas y mercado laboral;Mide holgura laboral urbana y presión sobre ingresos de los hogares.;nivel
PN38051GM;PEA ocupada en Lima Metropolitana;Mensual;Expectativas y mercado laboral;Mide el empleo urbano y su distribución por tamaño de empresa, útil para evaluar consumo, ingresos laborales y fragilidad del mercado laboral.;var_interanual
PN38058GM;PEA ocupada en empresas de 1 a 10 trabajadores;Mensual;Expectativas y mercado laboral;Mide el empleo urbano y su distribución por tamaño de empresa, útil para evaluar consumo, ingresos laborales y fragilidad del mercado laboral.;var_interanual
PN38059GM;PEA ocupada en empresas de 11 a 50 trabajadores;Mensual;Expectativas y mercado laboral;Mide el empleo urbano y su distribución por tamaño de empresa, útil para evaluar consumo, ingresos laborales y fragilidad del mercado laboral.;var_interanual
PN38060GM;PEA ocupada en empresas de 51 y más trabajadores;Mensual;Expectativas y mercado laboral;Mide el empleo urbano y su distribución por tamaño de empresa, útil para evaluar consumo, ingresos laborales y fragilidad del mercado laboral.;var_interanual
PD04701XD;Cobre (Londres, cUS$ por libras);Diaria;Cotizaciones internacionales diarias;Monitorea choques diarios de precios internacionales relevantes para exportaciones, costos importados y términos de intercambio.;retorno_log
PD04702XD;Plata (H.Harman, US$ por onzas troy);Diaria;Cotizaciones internacionales diarias;Monitorea choques diarios de precios internacionales relevantes para exportaciones, costos importados y términos de intercambio.;retorno_log
PD04703XD;Zinc (Londres, cUS$ por libras);Diaria;Cotizaciones internacionales diarias;Monitorea choques diarios de precios internacionales relevantes para exportaciones, costos importados y términos de intercambio.;retorno_log
PD04704XD;Oro (Londres, US$ por onzas troy);Diaria;Cotizaciones internacionales diarias;Monitorea choques diarios de precios internacionales relevantes para exportaciones, costos importados y términos de intercambio.;retorno_log
PD04705XD;Petróleo (West Texas Intermediate, US$ por barriles);Diaria;Cotizaciones internacionales diarias;Monitorea choques diarios de precios internacionales relevantes para exportaciones, costos importados y términos de intercambio.;retorno_log
PD31887XD;Trigo - EEUU;Diaria;Cotizaciones internacionales diarias;Monitorea choques diarios de precios internacionales relevantes para exportaciones, costos importados y términos de intercambio.;retorno_log
PD31888XD;Maíz - EEUU;Diaria;Cotizaciones internacionales diarias;Monitorea choques diarios de precios internacionales relevantes para exportaciones, costos importados y términos de intercambio.;retorno_log
PD31889XD;Aceite Soya - EEUU;Diaria;Cotizaciones internacionales diarias;Monitorea choques diarios de precios internacionales relevantes para exportaciones, costos importados y términos de intercambio.;retorno_log
PN01649XM;Harina de Pescado - Hamburgo (US$ por toneladas);Mensual;Cotizaciones internacionales mensuales;Evalúa la tendencia mensual de precios internacionales clave para minería, alimentos, energía y costos de importación.;retorno_log
PN01650XM;Azúcar - Cont.14 (US$ por toneladas);Mensual;Cotizaciones internacionales mensuales;Evalúa la tendencia mensual de precios internacionales clave para minería, alimentos, energía y costos de importación.;retorno_log
PN01651XM;Café - Otr. S. Aráb. (US$ por toneladas);Mensual;Cotizaciones internacionales mensuales;Evalúa la tendencia mensual de precios internacionales clave para minería, alimentos, energía y costos de importación.;retorno_log
PN01653XM;Estaño - LME (¢US$ por libras);Mensual;Cotizaciones internacionales mensuales;Evalúa la tendencia mensual de precios internacionales clave para minería, alimentos, energía y costos de importación.;retorno_log
PN01655XM;Plata - H. Harman (US$ por onzas troy);Mensual;Cotizaciones internacionales mensuales;Evalúa la tendencia mensual de precios internacionales clave para minería, alimentos, energía y costos de importación.;retorno_log
PN01656XM;Plomo - LME (¢US$ por libras);Mensual;Cotizaciones internacionales mensuales;Evalúa la tendencia mensual de precios internacionales clave para minería, alimentos, energía y costos de importación.;retorno_log
PN01658XM;Níquel - LME (¢US$ por libras);Mensual;Cotizaciones internacionales mensuales;Evalúa la tendencia mensual de precios internacionales clave para minería, alimentos, energía y costos de importación.;retorno_log
PN01664XM;Aceite Soya - EEUU (US$ por toneladas);Mensual;Cotizaciones internacionales mensuales;Evalúa la tendencia mensual de precios internacionales clave para minería, alimentos, energía y costos de importación.;retorno_log
PN01665XM;Fr. Soya - EEUU (US$ por toneladas);Mensual;Cotizaciones internacionales mensuales;Evalúa la tendencia mensual de precios internacionales clave para minería, alimentos, energía y costos de importación.;retorno_log
PN01666XM;Harina Soya - EEUU (US$ por toneladas);Mensual;Cotizaciones internacionales mensuales;Evalúa la tendencia mensual de precios internacionales clave para minería, alimentos, energía y costos de importación.;retorno_log
PN01129XM;EMBIG Perú mensual;Mensual;EMBIG y riesgo país mensual;Mide la prima de riesgo soberano de Perú y anticipa cambios en condiciones financieras externas.;nivel
PN01130XM;Diferencial de Rendimientos del Índice de Bonos de Mercados Emergentes (EMBIG) - Argentina;Mensual;EMBIG y riesgo país mensual;Sirve como comparador regional de riesgo soberano y sensibilidad financiera frente a choques externos.;nivel
PN01131XM;Diferencial de Rendimientos del Índice de Bonos de Mercados Emergentes (EMBIG) - Brasil;Mensual;EMBIG y riesgo país mensual;Sirve como comparador regional de riesgo soberano y sensibilidad financiera frente a choques externos.;nivel
PN01132XM;Diferencial de Rendimientos del Índice de Bonos de Mercados Emergentes (EMBIG) - Chile;Mensual;EMBIG y riesgo país mensual;Sirve como comparador regional de riesgo soberano y sensibilidad financiera frente a choques externos.;nivel
PN01133XM;Diferencial de Rendimientos del Índice de Bonos de Mercados Emergentes (EMBIG) - Colombia;Mensual;EMBIG y riesgo país mensual;Sirve como comparador regional de riesgo soberano y sensibilidad financiera frente a choques externos.;nivel
PN01134XM;Diferencial de Rendimientos del Índice de Bonos de Mercados Emergentes (EMBIG) - Ecuador;Mensual;EMBIG y riesgo país mensual;Sirve como comparador regional de riesgo soberano y sensibilidad financiera frente a choques externos.;nivel
PN01135XM;Diferencial de Rendimientos del Índice de Bonos de Mercados Emergentes (EMBIG) - México;Mensual;EMBIG y riesgo país mensual;Sirve como comparador regional de riesgo soberano y sensibilidad financiera frente a choques externos.;nivel
PN01136XM;Diferencial de Rendimientos del Índice de Bonos de Mercados Emergentes (EMBIG) - Venezuela;Mensual;EMBIG y riesgo país mensual;Sirve como comparador regional de riesgo soberano y sensibilidad financiera frente a choques externos.;nivel
PN01137XM;Latin EMBIG Países Latinoamericanos;Mensual;EMBIG y riesgo país mensual;Sirve como comparador regional de riesgo soberano y sensibilidad financiera frente a choques externos.;nivel
PN01138XM;EMBIG Países Emergentes;Mensual;EMBIG y riesgo país mensual;Sirve como comparador regional de riesgo soberano y sensibilidad financiera frente a choques externos.;nivel
PD04708XD;Spread - EMBIG America Latina (pbs);Diaria;EMBIG y riesgo país diario;Sirve como comparador regional de riesgo soberano y sensibilidad financiera frente a choques externos.;nivel
PD04709XD;EMBIG Perú diario;Diaria;EMBIG y riesgo país diario;Mide la prima de riesgo soberano de Perú y anticipa cambios en condiciones financieras externas.;nivel
PD04710XD;Spread - EMBIG Argentina (pbs);Diaria;EMBIG y riesgo país diario;Sirve como comparador regional de riesgo soberano y sensibilidad financiera frente a choques externos.;nivel
PD04711XD;Spread - EMBIG Brasil (pbs);Diaria;EMBIG y riesgo país diario;Sirve como comparador regional de riesgo soberano y sensibilidad financiera frente a choques externos.;nivel
PD04712XD;Spread - EMBIG Ecuador (pbs);Diaria;EMBIG y riesgo país diario;Sirve como comparador regional de riesgo soberano y sensibilidad financiera frente a choques externos.;nivel
PD04713XD;Spread - EMBIG México (pbs);Diaria;EMBIG y riesgo país diario;Sirve como comparador regional de riesgo soberano y sensibilidad financiera frente a choques externos.;nivel
PD04714XD;Spread - EMBIG Venezuela (pbs);Diaria;EMBIG y riesgo país diario;Sirve como comparador regional de riesgo soberano y sensibilidad financiera frente a choques externos.;nivel
PD04715XD;Spread - EMBIG Colombia (pbs);Diaria;EMBIG y riesgo país diario;Sirve como comparador regional de riesgo soberano y sensibilidad financiera frente a choques externos.;nivel
PD38580XD;Spread - EMBIG Economías emergentes (pbs);Diaria;EMBIG y riesgo país diario;Sirve como comparador regional de riesgo soberano y sensibilidad financiera frente a choques externos.;nivel
PD38581XD;Spread - EMBIG Chile (pbs);Diaria;EMBIG y riesgo país diario;Sirve como comparador regional de riesgo soberano y sensibilidad financiera frente a choques externos.;nivel
PD04718XD;Bonos del Tesoro EE.UU. 5 años;Diaria;Bonos del Tesoro de EE.UU. diarios;Captura condiciones financieras globales y referencia el costo de capital internacional.;nivel
PD04719XD;Bonos del Tesoro EE.UU. 10 años;Diaria;Bonos del Tesoro de EE.UU. diarios;Captura condiciones financieras globales y referencia el costo de capital internacional.;nivel
PD04720XD;Bonos del Tesoro EE.UU. 30 años;Diaria;Bonos del Tesoro de EE.UU. diarios;Captura condiciones financieras globales y referencia el costo de capital internacional.;nivel
PD04677MD;Créditos por regulación monetaria, S/;Diaria;Tasas de interés domésticas diarias;Monitorea transmisión monetaria, liquidez doméstica, costo de fondeo y condiciones de crédito de corto plazo.;nivel
PD04678MD;Créditos por regulación monetaria, US$;Diaria;Tasas de interés domésticas diarias;Monitorea transmisión monetaria, liquidez doméstica, costo de fondeo y condiciones de crédito de corto plazo.;nivel
PD04679MD;Del saldo de CDBCRP;Diaria;Tasas de interés domésticas diarias;Monitorea transmisión monetaria, liquidez doméstica, costo de fondeo y condiciones de crédito de corto plazo.;nivel
PD04680MD;Del saldo de CDV BCRP;Diaria;Tasas de interés domésticas diarias;Monitorea transmisión monetaria, liquidez doméstica, costo de fondeo y condiciones de crédito de corto plazo.;nivel
PD04681MD;Del saldo de CDLD BCRP;Diaria;Tasas de interés domésticas diarias;Monitorea transmisión monetaria, liquidez doméstica, costo de fondeo y condiciones de crédito de corto plazo.;nivel
PD04682MD;Operaciones de reporte, total;Diaria;Tasas de interés domésticas diarias;Monitorea transmisión monetaria, liquidez doméstica, costo de fondeo y condiciones de crédito de corto plazo.;nivel
PD04683MD;Operaciones de reporte, overnight;Diaria;Tasas de interés domésticas diarias;Monitorea transmisión monetaria, liquidez doméstica, costo de fondeo y condiciones de crédito de corto plazo.;nivel
PD04684MD;Operaciones de reporte, 1 semana;Diaria;Tasas de interés domésticas diarias;Monitorea transmisión monetaria, liquidez doméstica, costo de fondeo y condiciones de crédito de corto plazo.;nivel
PD04685MD;Operaciones de reporte, 2 semanas;Diaria;Tasas de interés domésticas diarias;Monitorea transmisión monetaria, liquidez doméstica, costo de fondeo y condiciones de crédito de corto plazo.;nivel
PD04686MD;Operaciones de reporte, 1 mes;Diaria;Tasas de interés domésticas diarias;Monitorea transmisión monetaria, liquidez doméstica, costo de fondeo y condiciones de crédito de corto plazo.;nivel
PD04687MD;Operaciones de reporte, 3 meses;Diaria;Tasas de interés domésticas diarias;Monitorea transmisión monetaria, liquidez doméstica, costo de fondeo y condiciones de crédito de corto plazo.;nivel
PD04688MD;Operaciones de reporte, directo;Diaria;Tasas de interés domésticas diarias;Monitorea transmisión monetaria, liquidez doméstica, costo de fondeo y condiciones de crédito de corto plazo.;nivel
PD04689MD;Compras con compromiso de recompras en ME;Diaria;Tasas de interés domésticas diarias;Monitorea transmisión monetaria, liquidez doméstica, costo de fondeo y condiciones de crédito de corto plazo.;nivel
PD04690MD;Préstamos y descuentos hasta 360 días, S/;Diaria;Tasas de interés domésticas diarias;Monitorea transmisión monetaria, liquidez doméstica, costo de fondeo y condiciones de crédito de corto plazo.;nivel
PD04691MD;Préstamos y descuentos hasta 360 días, US$;Diaria;Tasas de interés domésticas diarias;Monitorea transmisión monetaria, liquidez doméstica, costo de fondeo y condiciones de crédito de corto plazo.;nivel
PD12301MD;Tasa de referencia BCRP diaria;Diaria;Tasas de interés domésticas diarias;Monitorea transmisión monetaria, liquidez doméstica, costo de fondeo y condiciones de crédito de corto plazo.;nivel
PD31893DD;Rendimiento bono peruano 10 años en soles;Diaria;Tasas de interés domésticas diarias;Monitorea transmisión monetaria, liquidez doméstica, costo de fondeo y condiciones de crédito de corto plazo.;nivel
PD31894DD;Rendimiento bono peruano 10 años en dólares;Diaria;Tasas de interés domésticas diarias;Monitorea transmisión monetaria, liquidez doméstica, costo de fondeo y condiciones de crédito de corto plazo.;nivel
PD38032DD;Tasa máxima de interés convencional compensatorio para operaciones entre personas ajenas al sistema financiero - MN;Diaria;Tasas de interés domésticas diarias;Monitorea transmisión monetaria, liquidez doméstica, costo de fondeo y condiciones de crédito de corto plazo.;nivel
PD38033DD;Tasa máxima de interés convencional compensatorio para operaciones entre personas ajenas al sistema financiero - ME;Diaria;Tasas de interés domésticas diarias;Monitorea transmisión monetaria, liquidez doméstica, costo de fondeo y condiciones de crédito de corto plazo.;nivel
PD38590DD;Tasa máxima de interés convencional compensatorio para operaciones de créditos de consumo, créditos de consumo de bajo monto y créditos para pequeñas y microempresas otorgadas por empresas del sistema financiero - MN;Diaria;Tasas de interés domésticas diarias;Monitorea transmisión monetaria, liquidez doméstica, costo de fondeo y condiciones de crédito de corto plazo.;nivel
PD38591DD;Tasa máxima de interés convencional compensatorio para operaciones de créditos de consumo, créditos de consumo de bajo monto y créditos para pequeñas y microempresas otorgadas por empresas del sistema financiero - ME;Diaria;Tasas de interés domésticas diarias;Monitorea transmisión monetaria, liquidez doméstica, costo de fondeo y condiciones de crédito de corto plazo.;nivel
PD04637PD;TC Interbancario (S/ por US$) - Compra;Diaria;Mercado cambiario diario;Permite seguir presión cambiaria diaria, volatilidad del sol y señales de estrés en el mercado cambiario.;retorno_log
PD04638PD;TC Interbancario (S/ por US$) - Venta;Diaria;Mercado cambiario diario;Permite seguir presión cambiaria diaria, volatilidad del sol y señales de estrés en el mercado cambiario.;retorno_log
PD04639PD;TC Sistema bancario SBS (S/ por US$) - Compra;Diaria;Mercado cambiario diario;Permite seguir presión cambiaria diaria, volatilidad del sol y señales de estrés en el mercado cambiario.;retorno_log
PD04640PD;TC Sistema bancario SBS (S/ por US$) - Venta;Diaria;Mercado cambiario diario;Permite seguir presión cambiaria diaria, volatilidad del sol y señales de estrés en el mercado cambiario.;retorno_log
PD04643PD;TC 11:00 AM (S/ por US$) - Compra;Diaria;Mercado cambiario diario;Permite seguir presión cambiaria diaria, volatilidad del sol y señales de estrés en el mercado cambiario.;retorno_log
PD04644PD;TC 11:00 AM (S/ por US$) - Venta;Diaria;Mercado cambiario diario;Permite seguir presión cambiaria diaria, volatilidad del sol y señales de estrés en el mercado cambiario.;retorno_log
PD04647PD;TC Euro (S/ por Euro) - Compra;Diaria;Mercado cambiario diario;Permite seguir presión cambiaria diaria, volatilidad del sol y señales de estrés en el mercado cambiario.;retorno_log
PD04648PD;TC Euro (S/ por Euro) - Venta;Diaria;Mercado cambiario diario;Permite seguir presión cambiaria diaria, volatilidad del sol y señales de estrés en el mercado cambiario.;retorno_log
PD04649MD;Posición de cambio;Diaria;Reservas y operaciones BCRP diarias;Permite monitorear liquidez, intervención cambiaria, posición externa y operaciones monetarias del BCRP.;nivel
PD04650MD;Reservas internacionales netas;Diaria;Reservas y operaciones BCRP diarias;Permite monitorear liquidez, intervención cambiaria, posición externa y operaciones monetarias del BCRP.;nivel
PD04651MD;Depósitos del sistema financiero en el BCRP;Diaria;Reservas y operaciones BCRP diarias;Permite monitorear liquidez, intervención cambiaria, posición externa y operaciones monetarias del BCRP.;nivel
PD04652MD;Depósitos de empresas bancarias en el BCRP;Diaria;Reservas y operaciones BCRP diarias;Permite monitorear liquidez, intervención cambiaria, posición externa y operaciones monetarias del BCRP.;nivel
PD04653MD;Depósitos del Banco de la Nación en el BCRP;Diaria;Reservas y operaciones BCRP diarias;Permite monitorear liquidez, intervención cambiaria, posición externa y operaciones monetarias del BCRP.;nivel
PD04654MD;Otros depósitos del sistema financiero en el BCRP;Diaria;Reservas y operaciones BCRP diarias;Permite monitorear liquidez, intervención cambiaria, posición externa y operaciones monetarias del BCRP.;nivel
PD04655MD;Depósitos del sector público en el BCRP;Diaria;Reservas y operaciones BCRP diarias;Permite monitorear liquidez, intervención cambiaria, posición externa y operaciones monetarias del BCRP.;nivel
PD04656MD;Depósitos de privatización en el BCRP;Diaria;Reservas y operaciones BCRP diarias;Permite monitorear liquidez, intervención cambiaria, posición externa y operaciones monetarias del BCRP.;nivel
PD04657MD;Otros depósitos del sector público en el BCRP;Diaria;Reservas y operaciones BCRP diarias;Permite monitorear liquidez, intervención cambiaria, posición externa y operaciones monetarias del BCRP.;nivel
PD04658MD;Operaciones cambiarias BCRP (millones US$);Diaria;Reservas y operaciones BCRP diarias;Permite monitorear liquidez, intervención cambiaria, posición externa y operaciones monetarias del BCRP.;nivel
PD04659MD;Compras netas en Mesa de Negociación (millones US$);Diaria;Reservas y operaciones BCRP diarias;Permite monitorear liquidez, intervención cambiaria, posición externa y operaciones monetarias del BCRP.;nivel
PD04660MD;Operaciones swaps netas (millones US$);Diaria;Reservas y operaciones BCRP diarias;Permite monitorear liquidez, intervención cambiaria, posición externa y operaciones monetarias del BCRP.;nivel
PD04661MD;Compras con compromiso de recompras en ME neto (millones US$);Diaria;Reservas y operaciones BCRP diarias;Permite monitorear liquidez, intervención cambiaria, posición externa y operaciones monetarias del BCRP.;nivel
PD04662MD;Operaciones con el Sector Público (millones US$);Diaria;Reservas y operaciones BCRP diarias;Permite monitorear liquidez, intervención cambiaria, posición externa y operaciones monetarias del BCRP.;nivel
PD04663MD;Emisión Primaria (var% mensual);Diaria;Reservas y operaciones BCRP diarias;Permite monitorear liquidez, intervención cambiaria, posición externa y operaciones monetarias del BCRP.;nivel
PD04664MD;Emisión Primaria (var% 12 meses);Diaria;Reservas y operaciones BCRP diarias;Permite monitorear liquidez, intervención cambiaria, posición externa y operaciones monetarias del BCRP.;nivel
PD04665MD;Cuenta corrientes de bancos en BCRP (saldo millones S/);Diaria;Reservas y operaciones BCRP diarias;Permite monitorear liquidez, intervención cambiaria, posición externa y operaciones monetarias del BCRP.;nivel
PD04666MD;Créditos por regulación monetaria (millones S/);Diaria;Reservas y operaciones BCRP diarias;Permite monitorear liquidez, intervención cambiaria, posición externa y operaciones monetarias del BCRP.;nivel
PD04667MD;Créditos por regulación monetaria (millones US$);Diaria;Reservas y operaciones BCRP diarias;Permite monitorear liquidez, intervención cambiaria, posición externa y operaciones monetarias del BCRP.;nivel
PD04668MD;Depósitos del sector público en el BCRP (millones S/);Diaria;Reservas y operaciones BCRP diarias;Permite monitorear liquidez, intervención cambiaria, posición externa y operaciones monetarias del BCRP.;nivel
PD04669MD;Certificados de Depósito BCRP (saldo millones S/);Diaria;Reservas y operaciones BCRP diarias;Permite monitorear liquidez, intervención cambiaria, posición externa y operaciones monetarias del BCRP.;nivel
PD04670MD;Operaciones de reporte, total (saldo millones S/);Diaria;Reservas y operaciones BCRP diarias;Permite monitorear liquidez, intervención cambiaria, posición externa y operaciones monetarias del BCRP.;nivel
PD04671MD;Operaciones de reporte, overnight (saldo millones S/);Diaria;Reservas y operaciones BCRP diarias;Permite monitorear liquidez, intervención cambiaria, posición externa y operaciones monetarias del BCRP.;nivel
PD04672MD;Operaciones de reporte, 1 semana (saldo millones S/);Diaria;Reservas y operaciones BCRP diarias;Permite monitorear liquidez, intervención cambiaria, posición externa y operaciones monetarias del BCRP.;nivel
PD04673MD;Operaciones de reporte, 2 semanas (saldo millones S/);Diaria;Reservas y operaciones BCRP diarias;Permite monitorear liquidez, intervención cambiaria, posición externa y operaciones monetarias del BCRP.;nivel
PD04674MD;Operaciones de reporte, 1 mes (saldo millones S/);Diaria;Reservas y operaciones BCRP diarias;Permite monitorear liquidez, intervención cambiaria, posición externa y operaciones monetarias del BCRP.;nivel
PD04675MD;Operaciones de reporte, 3 meses (saldo millones S/);Diaria;Reservas y operaciones BCRP diarias;Permite monitorear liquidez, intervención cambiaria, posición externa y operaciones monetarias del BCRP.;nivel
PD04676MD;Operaciones de reporte, directo (saldo millones S/);Diaria;Reservas y operaciones BCRP diarias;Permite monitorear liquidez, intervención cambiaria, posición externa y operaciones monetarias del BCRP.;nivel
PD04694MD;Índice General Bursátil BVL (var%);Diaria;Mercado bursátil diario;Aporta señales de apetito por riesgo, valorización de activos locales y condiciones de mercado.;nivel
PD04695MD;Índice Selectivo Bursátil BVL (var%);Diaria;Mercado bursátil diario;Aporta señales de apetito por riesgo, valorización de activos locales y condiciones de mercado.;nivel
PD04696MD;Monto negociado en acciones (millones S/) - Promedio diario;Diaria;Mercado bursátil diario;Aporta señales de apetito por riesgo, valorización de activos locales y condiciones de mercado.;nivel
PD38026MD;Índice General Bursátil BVL (índice);Diaria;Mercado bursátil diario;Aporta señales de apetito por riesgo, valorización de activos locales y condiciones de mercado.;retorno_log
PD38027MD;Índice Selectivo Bursátil BVL (índice);Diaria;Mercado bursátil diario;Aporta señales de apetito por riesgo, valorización de activos locales y condiciones de mercado.;retorno_log
PD04721XD;Dow Jones (var%);Diaria;Mercado bursátil diario;Aporta señales de apetito por riesgo, valorización de activos locales y condiciones de mercado.;nivel
PN01124MM;Tasas Interés - Memo Tasas Bonos Tesoro Público - Hasta 5 años;Mensual;Curva soberana doméstica mensual;Resume el costo soberano por tramo de plazo y ayuda a evaluar expectativas de tasas, riesgo y financiamiento público.;nivel
PN01125MM;Tasas Interés - Memo Tasas Bonos Tesoro Público - De 5 hasta 10 años;Mensual;Curva soberana doméstica mensual;Resume el costo soberano por tramo de plazo y ayuda a evaluar expectativas de tasas, riesgo y financiamiento público.;nivel
PN01126MM;Tasas Interés - Memo Tasas Bonos Tesoro Público - De 10 hasta 15 años;Mensual;Curva soberana doméstica mensual;Resume el costo soberano por tramo de plazo y ayuda a evaluar expectativas de tasas, riesgo y financiamiento público.;nivel
PN01127MM;Tasas Interés - Memo Tasas Bonos Tesoro Público - De 15 hasta 20 años;Mensual;Curva soberana doméstica mensual;Resume el costo soberano por tramo de plazo y ayuda a evaluar expectativas de tasas, riesgo y financiamiento público.;nivel
PN01128MM;Tasas Interés - Memo Tasas Bonos Tesoro Público - Más de 20 años;Mensual;Curva soberana doméstica mensual;Resume el costo soberano por tramo de plazo y ayuda a evaluar expectativas de tasas, riesgo y financiamiento público.;nivel
